"gene","annotation","consv","cscores"
"cls","D244A",0,1
"cpdA","S222L",0,0.91
"cpdA","L147P",0,1
"cspC","G38D",0,0.31
"fabH","T84M",0,0.47
"glpR","R38C",0,1
"hfq","D40E",1,1
"hns","K32N",0,1
"melA","L310P",0,0.67
"ndk","T43I",0,0.86
"oppD","P166S",0,1
"prsA","V146I",1,1
"putA","R339S",0,0.96
"rluD","E296D",1,0.26
"rpoA","K271E",0,1
"rpoB","Q1268L",0,1
"rpoB","A1277V",1,1
"rpoC","A494V",1,1
"rpoC","A426S",0,1
"rpoC","R692P",0,0.31
"rpoS","L288P",0,1
"rpsK","A63D",0,1
"sdhB","G64S",0,0.85
"sdhB","L151H",0,1
"sdhB","A173V",1,0.69
"sdhB","Y114N",0,1
"secA","E73V",0,0.94
"ybaL","D294E",1,0.73
"yrbK","G56V",0,1
