gene,position,mutation,annotation,gi
cls,1309629,T→G,D244A (GAT→GCT) ,1787502
cpdA,3174825,G→A,S222L (TCG→TTG) ,1789410
cpdA,3175050,A→G,L147P (CTG→CCG) ,1789410
cspC,1909037,C→T,G38D (GGT→GAT) ,1788126
fabH,1150586,C→T,T84M (ACG→ATG) ,1787333
glpR,4079921,C→T,R38C (CGC→TGC) ,1789829
hfq,4405087,T→A,D40E (GAT→GAA) ,1790614
hns,1294404,T→A,K32N (AAA→AAT) ,1787489
melA,4347517,T→C,L310P (CTG→CCG) ,1790560
ndk,2643393,G→A,T43I (ACC→ATC) ,1788866
oppD,1306963,C→T,P166S (CCG→TCG) ,48994883
prsA,1263017,C→T,V146I (GTA→ATA) ,1787458
putA,1078290,G→T,R339S (CGC→AGC) ,1787250
rluD,2733780,T→A,E296D (GAA→GAT) ,1788946
rpoA,4200197,A→G,K271E (AAA→GAA) ,1789690
rpoB,3451634,T→A,Q1268L (CAG→CTG) ,1790419
rpoB,3451607,G→A,A1277V (GCG→GTG) ,1790419
rpoC,3449851,G→A,A494V (GCG→GTG) ,2367335
rpoC,3450056,C→A,A426S (GCA→TCA) ,2367335
rpoC,3449257,C→G,R692P (CGT→CCT) ,2367335
rpoS,2865228,A→G,L288P (CTG→CCG) ,1789098
rpsK,4198505,C→A,A63D (GCT→GAT) ,1789692
sdhB,758300,G→A,G64S (GGT→AGT) ,1786943
sdhB,758562,T→A,L151H (CTC→CAC) ,1786943
sdhB,758628,C→T,A173V (GCA→GTA) ,1786943
sdhB,758450,T→A,Y114N (TAT→AAT) ,1786943
secA,108496,A→T,E73V (GAG→GTG) ,1786287
ybaL,501581,A→T,D294E (GAT→GAA) ,1786685
ycbR,999613,A→T,*234Y (TAA→TAT) ,1787171
ychS,1288364,G→A,A27T (GCG→ACG) ,85674881
ychS,1288370,A→G,K29E (AAG→GAG) ,85674881
yrbK,3342857,G→T,G56V (GGG→GTG) ,1789591
